State;Location;Date Posted;Date Collected;Sample Type;Unit;Ba-140;Co-60;Cs-134;Cs-136;Cs-137;I-131;I-132;I-133;Te-129;Te-129m;Te-132;Ba-140.1
ID;Boise;2011-03-30;2011-03-23;Air Filter;pCi/m3;0.0;0.0;0;;0;0;0;0.0;;;0;
ID;Boise;2011-03-30;2011-03-23;Air Filter;pCi/m3;0.0;0.0;0;;0;0;0;0.0;;;0;
AK;Juneau;2011-03-30;2011-03-23;Air Filter;pCi/m3;0.0;0.0;0;;0;0;0;0.0;;;0;
AK;Nome;2011-03-30;2011-03-22;Air Filter;pCi/m3;0.0;0.0;0;;0;0;0;0.0;;;0;
AK;Nome;2011-03-30;2011-03-23;Air Filter;pCi/m3;0.0;0.0;0;;0;0;0;0.0;;;0;
AK;Nome;2011-03-30;2011-03-23;Air Filter;pCi/m3;0.0;0.0;0;;0;0;0;0.0;;;0;
AK;Nome;2011-04-04;2011-03-24;Air Filter;pCi/m3;0.0;0.0;0;0.0;0;0;0;0.0;0.0;0.0;0;
AK;Nome;2011-04-04;2011-03-24;Air Filter;pCi/m3;0.0;0.0;0;0.0;0;0;0;0.0;0.0;0.0;0;
HI;Oahu;2011-03-30;2011-03-20;Air Filter;pCi/m3;0.0;0.0;0;;0;0;0;0.0;;;0;
HI;Oahu;2011-03-30;2011-03-20;Air Filter;pCi/m3;0.0;0.0;0;;0;0;0;0.0;;;0;
HI;Oahu;2011-03-30;2011-03-21;Air Filter;pCi/m3;0.0;0.0;0;;0;1;0;0.0;;;0;
HI;Oahu;2011-04-04;2011-03-21;Air Filter;pCi/m3;0.0;0.0;0;0.0;0;1;0;0.0;0.0;0.0;0;
HI;Oahu;2011-03-30;2011-03-23;Air Filter;pCi/m3;0.0;0.0;1;;0;0;0;0.0;;;0;
CA;Anaheim;2011-03-30;2011-03-20;Air Cartridge;pCi/m3;0.0;0.0;0;;0;1;0;0.0;;;0;
CA;Anaheim;2011-03-30;2011-03-21;Air Cartridge;pCi/m3;0.0;0.0;0;;0;2;0;0.0;;;0;
HI;Oahu;2011-03-30;2011-03-23;Air Filter;pCi/m3;0.0;0.0;0;;0;0;0;0.0;;;0;
CA;Anaheim;2011-04-04;2011-03-25;Air Filter;pCi/m3;;;0;;0;0;0;;;;0;
CA;Anaheim;2011-03-30;2011-03-22;Air Cartridge;pCi/m3;0.0;0.0;0;;0;1;0;0.0;;;0;
AK;Nome;2011-03-30;2011-03-22;Air Cartridge;pCi/m3;0.0;0.0;0;;0;0;0;0.0;;;0;
AK;Nome;2011-03-30;2011-03-23;Air Cartridge;pCi/m3;0.0;0.0;0;;0;1;0;0.0;;;0;
HI;Oahu;2011-03-30;2011-03-20;Air Cartridge;pCi/m3;0.0;0.0;0;;0;1;0;0.0;;;0;
HI;Oahu;2011-03-30;2011-03-21;Air Cartridge;pCi/m3;0.0;0.0;0;;0;1;0;0.0;;;0;
HI;Oahu;2011-03-30;2011-03-23;Air Cartridge;pCi/m3;0.0;0.0;0;;0;0;0;0.0;;;0;
CA;San Bernardino;2011-03-30;2011-03-23;Air Cartridge;pCi/m3;0.0;0.0;0;;0;0;0;0.0;;;0;
CA;Anaheim;2011-03-30;2011-03-11;Air Filter;pCi/m3;0.0;0.0;0;;0;0;0;0.0;;;0;
CA;Anaheim;2011-03-30;2011-03-15;Air Filter;pCi/m3;0.0;0.0;0;;0;0;0;0.0;;;0;
CA;Anaheim;2011-03-30;2011-03-18;Air Filter;pCi/m3;0.0;0.0;0;;0;0;0;0.0;;;0;
CA;Anaheim;2011-03-30;2011-03-20;Air Filter;pCi/m3;0.0;0.0;0;;0;0;0;0.0;;;0;
CA;Anaheim;2011-03-30;2011-03-20;Air Filter;pCi/m3;0.0;0.0;0;;0;0;0;0.0;;;0;
CA;Anaheim;2011-03-30;2011-03-21;Air Filter;pCi/m3;0.0;0.0;0;;0;0;0;0.0;;;0;
CA;Anaheim;2011-03-30;2011-03-21;Air Filter;pCi/m3;0.0;0.0;0;;0;0;0;0.0;;;0;
CA;Anaheim;2011-03-30;2011-03-22;Air Filter;pCi/m3;0.0;0.0;0;;0;0;0;0.0;;;0;
CA;Anaheim;2011-03-30;2011-03-22;Air Filter;pCi/m3;0.0;0.0;0;;0;0;0;0.0;;;0;
ID;Boise;2011-03-30;2011-03-21;Air Filter;pCi/m3;0.0;0.0;0;;0;0;0;0.0;;;0;
ID;Boise;2011-03-30;2011-03-21;Air Filter;pCi/m3;0.0;0.0;0;;0;0;0;0.0;;;0;
ID;Boise;2011-03-30;2011-03-22;Air Filter;pCi/m3;0.0;0.0;0;;0;0;0;0.0;;;0;
CA;Anaheim;2011-04-04;2011-03-23;Air Cartridge;pCi/m3;0.0;0.0;0;0.0;0;0;0;0.0;0.0;0.0;0;
CA;Anaheim;2011-04-04;2011-03-23;Air Cartridge;pCi/m3;0.0;0.0;0;0.0;0;0;0;0.0;0.0;0.0;0;
ID;Boise;2011-04-04;2011-03-21;Air Cartridge;pCi/m3;0.0;0.0;0;;0;1;0;0.0;;;0;
ID;Boise;2011-03-30;2011-03-22;Air Cartridge;pCi/m3;0.0;0.0;0;;0;1;0;0.0;;;0;
ID;Boise;2011-03-30;2011-03-23;Air Cartridge;pCi/m3;0.0;0.0;0;;0;0;0;0.0;;;0;
ID;Boise;2011-04-04;2011-03-23;Air Cartridge;pCi/m3;0.0;0.0;0;0.0;0;0;0;0.0;0.0;0.0;0;
ID;Boise;2011-04-04;2011-03-24;Air Cartridge;pCi/m3;0.0;0.0;0;0.0;0;1;0;0.0;0.0;0.0;0;
ID;Boise;2011-04-04;2011-03-25;Air Cartridge;pCi/m3;0.0;0.0;0;0.0;0;1;0;0.0;0.0;0.0;0;
ID;Boise;2011-04-04;2011-03-26;Air Cartridge;pCi/m3;0.0;0.0;0;0.0;0;0;0;0.0;0.0;0.0;0;
ID;Boise;2011-04-08;2011-03-27;Air Cartridge;pCi/m3;0.0;0.0;0;0.0;0;0;0;0.0;0.0;0.0;0;
ID;Boise;2011-04-08;2011-03-28;Air Cartridge;pCi/m3;0.0;0.0;0;0.0;0;0;0;0.0;0.0;0.0;0;
ID;Boise;2011-04-08;2011-03-29;Air Cartridge;pCi/m3;0.0;0.0;0;0.0;0;0;0;0.0;0.0;0.0;0;
ID;Boise;2011-04-10;2011-03-30;Air Cartridge;pCi/m3;0.0;0.0;0;0.0;0;0;0;0.0;0.0;0.0;0;
ID;Boise;2011-04-10;2011-04-01;Air Cartridge;pCi/m3;0.0;0.0;0;0.0;0;0;0;0.0;0.0;0.0;0;
ID;Boise;2011-04-10;2011-04-01;Air Cartridge;pCi/m3;0.0;0.0;0;0.0;0;0;0;0.0;0.0;0.0;0;
ID;Boise;2011-04-10;2011-04-02;Air Cartridge;pCi/m3;0.0;0.0;0;0.0;0;0;0;0.0;0.0;0.0;0;
ID;Boise;2011-04-10;2011-04-03;Air Cartridge;pCi/m3;0.0;0.0;0;0.0;0;0;0;0.0;0.0;0.0;0;
AK;Dutch Harbor;2011-03-30;2011-03-19;Air Cartridge;pCi/m3;0.0;0.0;0;;0;2;0;0.0;;;0;
AK;Dutch Harbor;2011-03-30;2011-03-20;Air Cartridge;pCi/m3;0.0;0.0;0;;0;3;0;0.0;;;0;
AK;Dutch Harbor;2011-03-30;2011-03-21;Air Cartridge;pCi/m3;0.0;0.0;0;;0;1;0;0.0;;;0;
AK;Dutch Harbor;2011-03-30;2011-03-22;Air Cartridge;pCi/m3;0.0;0.0;0;;0;1;0;0.0;;;0;
AK;Dutch Harbor;2011-04-04;2011-03-23;Air Cartridge;pCi/m3;0.0;0.0;0;0.0;0;0;0;0.0;0.0;0.0;0;
AK;Dutch Harbor;2011-04-04;2011-03-24;Air Cartridge;pCi/m3;0.0;0.0;0;0.0;0;0;0;0.0;0.0;0.0;0;
AK;Dutch Harbor;2011-04-09;2011-03-25;Air Cartridge;pCi/m3;0.0;0.0;0;0.0;0;0;0;0.0;0.0;0.0;0;
AK;Dutch Harbor;2011-04-08;2011-03-26;Air Cartridge;pCi/m3;0.0;0.0;0;0.0;0;0;0;0.0;0.0;0.0;0;
AK;Dutch Harbor;2011-04-09;2011-03-27;Air Cartridge;pCi/m3;0.0;0.0;0;0.0;0;0;0;0.0;0.0;0.0;0;
AK;Dutch Harbor;2011-04-09;2011-03-27;Air Cartridge;pCi/m3;0.0;0.0;0;0.0;0;0;0;0.0;0.0;0.0;0;
AK;Dutch Harbor;2011-04-09;2011-03-28;Air Cartridge;pCi/m3;0.0;0.0;0;0.0;0;0;0;0.0;0.0;0.0;0;
AK;Dutch Harbor;2011-04-08;2011-03-29;Air Cartridge;pCi/m3;0.0;0.0;0;0.0;0;0;0;0.0;0.0;0.0;0;
AK;Dutch Harbor;2011-04-08;2011-03-30;Air Cartridge;pCi/m3;0.0;0.0;0;0.0;0;0;0;0.0;0.0;0.0;0;
AK;Dutch Harbor;2011-04-10;2011-03-31;Air Cartridge;pCi/m3;0.0;0.0;0;0.0;0;0;0;0.0;0.0;0.0;0;
AK;Dutch Harbor;2011-04-10;2011-04-01;Air Cartridge;pCi/m3;0.0;0.0;0;0.0;0;0;0;0.0;0.0;0.0;0;
AK;Dutch Harbor;2011-04-10;2011-04-02;Air Cartridge;pCi/m3;0.0;0.0;0;0.0;0;0;0;0.0;0.0;0.0;0;
Guam;Guam;2011-03-30;2011-03-19;Air Cartridge;pCi/m3;0.0;0.0;0;;0;0;0;0.0;;;0;
AK;Dutch Harbor;2011-03-30;2011-03-19;Air Filter;pCi/m3;0.0;0.0;0;;0;1;0;0.0;;;0;
Guam;Guam;2011-03-30;2011-03-20;Air Cartridge;pCi/m3;0.0;0.0;0;;0;0;0;0.0;;;0;
Guam;Guam;2011-03-30;2011-03-21;Air Cartridge;pCi/m3;0.0;0.0;0;;0;1;0;0.0;;;0;
Guam;Guam;2011-03-30;2011-03-23;Air Cartridge;pCi/m3;0.0;0.0;0;;0;0;0;0.0;;;0;
Guam;Guam;2011-04-04;2011-03-23;Air Cartridge;pCi/m3;0.0;0.0;0;0.0;0;0;0;0.0;0.0;0.0;0;
Guam;Guam;2011-04-04;2011-03-24;Air Cartridge;pCi/m3;0.0;0.0;0;0.0;0;0;0;0.0;0.0;0.0;0;
Guam;Guam;2011-04-08;2011-03-25;Air Cartridge;pCi/m3;0.0;0.0;0;0.0;0;0;0;0.0;0.0;0.0;0;
Guam;Guam;2011-04-08;2011-03-26;Air Cartridge;pCi/m3;0.0;0.0;0;0.0;0;0;0;0.0;0.0;0.0;0;
Guam;Guam;2011-04-08;2011-03-27;Air Cartridge;pCi/m3;0.0;0.0;0;0.0;0;0;0;0.0;0.0;0.0;0;
Guam;Guam;2011-04-09;2011-03-28;Air Cartridge;pCi/m3;0.0;0.0;0;0.0;0;0;0;0.0;0.0;0.0;0;
Guam;Guam;2011-04-08;2011-03-29;Air Cartridge;pCi/m3;0.0;0.0;0;0.0;0;0;0;0.0;0.0;0.0;0;
Guam;Guam;2011-04-10;2011-03-30;Air Cartridge;pCi/m3;0.0;0.0;0;0.0;0;0;0;0.0;0.0;0.0;0;
Guam;Guam;2011-04-10;2011-03-31;Air Cartridge;pCi/m3;0.0;0.0;0;0.0;0;0;0;0.0;0.0;0.0;0;
Guam;Guam;2011-04-10;2011-04-01;Air Cartridge;pCi/m3;0.0;0.0;0;0.0;0;0;0;0.0;0.0;0.0;0;
Guam;Guam;2011-04-10;2011-04-02;Air Cartridge;pCi/m3;0.0;0.0;0;0.0;0;0;0;0.0;0.0;0.0;0;
Guam;Guam;2011-04-10;2011-04-03;Air Cartridge;pCi/m3;0.0;0.0;0;0.0;0;0;0;0.0;0.0;0.0;0;
Guam;Guam;2011-04-10;2011-04-04;Air Cartridge;pCi/m3;0.0;0.0;0;0.0;0;0;0;0.0;0.0;0.0;0;
AK;Juneau;2011-03-30;2011-03-21;Air Cartridge;pCi/m3;0.0;0.0;0;;0;0;0;0.0;;;0;
AK;Juneau;2011-03-30;2011-03-22;Air Cartridge;pCi/m3;0.0;0.0;0;;0;0;0;0.0;;;0;
AK;Juneau;2011-03-30;2011-03-23;Air Cartridge;pCi/m3;0.0;0.0;0;;0;0;0;0.0;;;0;
AK;Juneau;2011-04-04;2011-03-24;Air Cartridge;pCi/m3;0.0;0.0;0;0.0;0;0;0;0.0;0.0;0.0;0;
AK;Juneau;2011-04-04;2011-03-25;Air Cartridge;pCi/m3;0.0;0.0;0;0.0;0;0;0;0.0;0.0;0.0;0;
AK;Juneau;2011-04-08;2011-03-26;Air Cartridge;pCi/m3;0.0;0.0;0;0.0;0;0;0;0.0;0.0;0.0;0;
AK;Juneau;2011-04-08;2011-03-27;Air Cartridge;pCi/m3;0.0;0.0;0;0.0;0;0;0;0.0;0.0;0.0;0;
AK;Juneau;2011-04-09;2011-03-28;Air Cartridge;pCi/m3;0.0;0.0;0;0.0;0;0;0;0.0;0.0;0.0;0;
AK;Juneau;2011-04-09;2011-03-29;Air Cartridge;pCi/m3;0.0;0.0;0;0.0;0;0;0;0.0;0.0;0.0;0;
AK;Juneau;2011-04-08;2011-03-30;Air Cartridge;pCi/m3;0.0;0.0;0;0.0;0;0;0;0.0;0.0;0.0;0;
AK;Juneau;2011-04-10;2011-03-31;Air Cartridge;pCi/m3;0.0;0.0;0;0.0;0;0;0;0.0;0.0;0.0;0;
AK;Juneau;2011-04-10;2011-04-01;Air Cartridge;pCi/m3;0.0;0.0;0;0.0;0;0;0;0.0;0.0;0.0;0;
AK;Juneau;2011-04-10;2011-04-02;Air Cartridge;pCi/m3;0.0;0.0;0;0.0;0;0;0;0.0;0.0;0.0;0;
AK;Juneau;2011-04-10;2011-04-03;Air Cartridge;pCi/m3;0.0;0.0;0;0.0;0;0;0;0.0;0.0;0.0;0;
AK;Juneau;2011-04-10;2011-04-04;Air Cartridge;pCi/m3;0.0;0.0;0;0.0;0;0;0;0.0;0.0;0.0;0;
AK;Juneau;2011-04-10;2011-04-05;Air Cartridge;pCi/m3;0.0;0.0;0;0.0;0;0;0;0.0;0.0;0.0;0;
HI;Kauai;2011-04-04;2011-03-21;Air Cartridge;pCi/m3;0.0;0.0;0;0.0;0;1;0;0.0;0.0;0.0;0;
HI;Kauai;2011-04-04;2011-03-22;Air Cartridge;pCi/m3;0.0;0.0;0;0.0;0;0;0;0.0;0.0;0.0;0;
HI;Kauai;2011-04-04;2011-03-23;Air Cartridge;pCi/m3;0.0;0.0;0;0.0;0;0;0;0.0;0.0;0.0;0;
HI;Kauai;2011-04-04;2011-03-24;Air Cartridge;pCi/m3;0.0;0.0;0;0.0;0;0;0;0.0;0.0;0.0;0;
HI;Kauai;2011-04-09;2011-03-25;Air Cartridge;pCi/m3;0.0;0.0;0;0.0;0;1;0;0.0;0.0;0.0;0;
HI;Kauai;2011-04-09;2011-03-26;Air Cartridge;pCi/m3;0.0;0.0;0;0.0;0;0;0;0.0;0.0;0.0;0;
HI;Kauai;2011-04-09;2011-03-27;Air Cartridge;pCi/m3;0.0;0.0;0;0.0;0;0;0;0.0;0.0;0.0;0;
HI;Kauai;2011-04-10;2011-03-28;Air Cartridge;pCi/m3;0.0;0.0;0;0.0;0;0;0;0.0;0.0;0.0;0;
HI;Kauai;2011-04-10;2011-03-29;Air Cartridge;pCi/m3;0.0;0.0;0;0.0;0;0;0;0.0;0.0;0.0;0;
HI;Kauai;2011-04-10;2011-03-30;Air Cartridge;pCi/m3;0.0;0.0;0;0.0;0;0;0;0.0;0.0;0.0;0;
HI;Kauai;2011-04-10;2011-03-31;Air Cartridge;pCi/m3;0.0;0.0;0;0.0;0;0;0;0.0;0.0;0.0;0;
HI;Kauai;2011-04-10;2011-04-01;Air Cartridge;pCi/m3;0.0;0.0;0;0.0;0;0;0;0.0;0.0;0.0;0;
HI;Kauai;2011-04-10;2011-04-02;Air Cartridge;pCi/m3;0.0;0.0;0;0.0;0;0;0;0.0;0.0;0.0;0;
HI;Kauai;2011-04-10;2011-04-03;Air Cartridge;pCi/m3;0.0;0.0;0;0.0;0;0;0;0.0;0.0;0.0;0;
NV;Las Vegas;2011-03-30;2011-03-18;Air Cartridge;pCi/m3;0.0;0.0;0;;0;0;0;0.0;;;0;
NV;Las Vegas;2011-03-30;2011-03-21;Air Cartridge;pCi/m3;0.0;0.0;0;;0;1;0;0.0;;;0;
NV;Las Vegas;2011-03-30;2011-03-22;Air Cartridge;pCi/m3;0.0;0.0;0;;0;1;0;0.0;;;0;
NV;Las Vegas;2011-03-30;2011-03-23;Air Cartridge;pCi/m3;0.0;0.0;0;;0;0;0;0.0;;;0;
NV;Las Vegas;2011-04-04;2011-03-24;Air Cartridge;pCi/m3;0.0;0.0;0;0.0;0;1;0;0.0;0.0;0.0;0;
NV;Las Vegas;2011-04-04;2011-03-25;Air Cartridge;pCi/m3;0.0;0.0;0;0.0;0;1;0;0.0;0.0;0.0;0;
NV;Las Vegas;2011-04-08;2011-03-28;Air Cartridge;pCi/m3;0.0;0.0;0;0.0;0;0;0;0.0;0.0;0.0;0;
NV;Las Vegas;2011-04-08;2011-03-29;Air Cartridge;pCi/m3;0.0;0.0;0;0.0;0;0;0;0.0;0.0;0.0;0;
NV;Las Vegas;2011-04-08;2011-03-30;Air Cartridge;pCi/m3;0.0;0.0;0;0.0;0;0;0;0.0;0.0;0.0;0;
NV;Las Vegas;2011-04-10;2011-03-31;Air Cartridge;pCi/m3;0.0;0.0;0;0.0;0;0;0;0.0;0.0;0.0;0;
NV;Las Vegas;2011-04-10;2011-04-01;Air Cartridge;pCi/m3;0.0;0.0;0;0.0;0;0;0;0.0;0.0;0.0;0;
AL;Montgomery;2011-03-30;2011-03-24;Air Cartridge;pCi/m3;0.0;0.0;0;;0;0;0;0.0;;;0;
AL;Montgomery;2011-04-04;2011-03-28;Air Cartridge;pCi/m3;0.0;0.0;0;0.0;0;0;0;0.0;0.0;0.0;0;
AL;Montgomery;2011-04-08;2011-03-31;Air Cartridge;pCi/m3;0.0;0.0;0;0.0;0;0;0;0.0;0.0;0.0;0;
AL;Montgomery;2011-04-10;2011-04-04;Air Cartridge;pCi/m3;0.0;0.0;0;0.0;0;0;0;0.0;0.0;0.0;0;
AL;Montgomery;2011-04-10;2011-04-05;Air Cartridge;pCi/m3;0.0;0.0;0;0.0;0;0;0;0.0;0.0;0.0;0;
AK;Nome;2011-03-30;2011-03-20;Air Cartridge;pCi/m3;0.0;0.0;0;;0;0;0;0.0;;;0;
AK;Nome;2011-03-30;2011-03-21;Air Cartridge;pCi/m3;0.0;0.0;0;;0;0;0;0.0;;;0;
AK;Nome;2011-04-04;2011-03-24;Air Cartridge;pCi/m3;0.0;0.0;0;0.0;0;1;0;0.0;0.0;0.0;0;
AK;Nome;2011-04-08;2011-03-25;Air Cartridge;pCi/m3;0.0;0.0;0;0.0;0;0;0;0.0;0.0;0.0;0;
AK;Nome;2011-04-08;2011-03-26;Air Cartridge;pCi/m3;0.0;0.0;0;0.0;0;0;0;0.0;0.0;0.0;0;
AK;Nome;2011-04-08;2011-03-27;Air Cartridge;pCi/m3;0.0;0.0;0;0.0;0;0;0;0.0;0.0;0.0;0;
AK;Nome;2011-04-10;2011-03-28;Air Cartridge;pCi/m3;0.0;0.0;0;0.0;0;0;0;0.0;0.0;0.0;0;
AK;Nome;2011-04-08;2011-03-29;Air Cartridge;pCi/m3;0.0;0.0;0;0.0;0;0;0;0.0;0.0;0.0;0;
AK;Nome;2011-04-08;2011-03-30;Air Cartridge;pCi/m3;0.0;0.0;0;0.0;0;0;0;0.0;0.0;0.0;0;
AK;Nome;2011-04-10;2011-03-31;Air Cartridge;pCi/m3;0.0;0.0;0;0.0;0;0;0;0.0;0.0;0.0;0;
AK;Nome;2011-04-10;2011-04-01;Air Cartridge;pCi/m3;0.0;0.0;0;0.0;0;0;0;0.0;0.0;0.0;0;
AK;Nome;2011-04-10;2011-04-02;Air Cartridge;pCi/m3;0.0;0.0;0;0.0;0;0;0;0.0;0.0;0.0;0;
AK;Nome;2011-04-10;2011-04-03;Air Cartridge;pCi/m3;0.0;0.0;0;0.0;0;0;0;0.0;0.0;0.0;0;
AK;Nome;2011-04-10;2011-04-04;Air Cartridge;pCi/m3;0.0;0.0;0;0.0;0;0;0;0.0;0.0;0.0;0;
AK;Nome;2011-04-10;2011-04-05;Air Cartridge;pCi/m3;0.0;0.0;0;0.0;0;0;0;0.0;0.0;0.0;0;
ID;Boise;2011-04-04;2011-03-23;Air Filter;pCi/m3;0.0;0.0;0;0.0;0;1;0;0.0;0.0;0.0;0;
AK;Nome;2011-04-10;2011-04-05;Air Cartridge;pCi/m3;0.0;0.0;0;0.0;0;0;0;0.0;0.0;0.0;0;
HI;Oahu;2011-04-04;2011-03-23;Air Cartridge;pCi/m3;0.0;0.0;0;0.0;0;1;0;0.0;0.0;0.0;0;
HI;Oahu;2011-04-04;2011-03-24;Air Cartridge;pCi/m3;0.0;0.0;0;0.0;0;0;0;0.0;0.0;0.0;0;
HI;Oahu;2011-04-04;2011-03-25;Air Cartridge;pCi/m3;0.0;0.0;0;0.0;0;0;0;0.0;0.0;0.0;0;
HI;Oahu;2011-04-09;2011-03-26;Air Cartridge;pCi/m3;0.0;0.0;0;0.0;0;1;0;0.0;0.0;0.0;0;
HI;Oahu;2011-04-09;2011-03-27;Air Cartridge;pCi/m3;0.0;0.0;0;0.0;0;0;0;0.0;0.0;0.0;0;
HI;Oahu;2011-04-09;2011-03-28;Air Cartridge;pCi/m3;0.0;0.0;0;0.0;0;0;0;0.0;0.0;0.0;0;
HI;Oahu;2011-04-08;2011-03-29;Air Cartridge;pCi/m3;0.0;0.0;0;0.0;0;0;0;0.0;0.0;0.0;0;
HI;Oahu;2011-04-08;2011-03-30;Air Cartridge;pCi/m3;0.0;0.0;0;0.0;0;0;0;0.0;0.0;0.0;0;
HI;Oahu;2011-04-10;2011-03-31;Air Cartridge;pCi/m3;0.0;0.0;0;0.0;0;0;0;0.0;0.0;0.0;0;
HI;Oahu;2011-04-10;2011-04-01;Air Cartridge;pCi/m3;0.0;0.0;0;0.0;0;0;0;0.0;0.0;0.0;0;
HI;Oahu;2011-04-10;2011-04-02;Air Cartridge;pCi/m3;0.0;0.0;0;0.0;0;0;0;0.0;0.0;0.0;0;
HI;Oahu;2011-04-10;2011-04-03;Air Cartridge;pCi/m3;0.0;0.0;0;0.0;0;0;0;0.0;0.0;0.0;0;
HI;Oahu;2011-04-10;2011-04-04;Air Cartridge;pCi/m3;0.0;0.0;0;0.0;0;0;0;0.0;0.0;0.0;0;
CNMI;Saipan;2011-03-30;2011-03-21;Air Cartridge;pCi/m3;0.0;0.0;0;;0;1;0;0.0;;;0;
CNMI;Saipan;2011-04-04;2011-03-22;Air Cartridge;pCi/m3;0.0;0.0;0;0.0;0;1;0;0.0;0.0;0.0;0;
CNMI;Saipan;2011-04-04;2011-03-23;Air Cartridge;pCi/m3;0.0;0.0;0;0.0;0;0;0;0.0;0.0;0.0;0;
CNMI;Saipan;2011-04-04;2011-03-24;Air Cartridge;pCi/m3;0.0;0.0;0;0.0;0;0;0;0.0;0.0;0.0;0;
CNMI;Saipan;2011-04-09;2011-03-25;Air Cartridge;pCi/m3;0.0;0.0;0;0.0;0;0;0;0.0;0.0;0.0;0;
CNMI;Saipan;2011-04-09;2011-03-26;Air Cartridge;pCi/m3;0.0;0.0;0;0.0;0;0;0;0.0;0.0;0.0;0;
CNMI;Saipan;2011-04-09;2011-03-27;Air Cartridge;pCi/m3;0.0;0.0;0;0.0;0;0;0;0.0;0.0;0.0;0;
CNMI;Saipan;2011-04-08;2011-03-28;Air Cartridge;pCi/m3;0.0;0.0;0;0.0;0;0;0;0.0;0.0;0.0;0;
CNMI;Saipan;2011-04-10;2011-03-29;Air Cartridge;pCi/m3;0.0;0.0;0;0.0;0;0;0;0.0;0.0;0.0;0;
CNMI;Saipan;2011-04-10;2011-03-30;Air Cartridge;pCi/m3;0.0;0.0;0;0.0;0;0;0;0.0;0.0;0.0;0;
CNMI;Saipan;2011-04-10;2011-03-31;Air Cartridge;pCi/m3;0.0;0.0;0;0.0;0;0;0;0.0;0.0;0.0;0;
CNMI;Saipan;2011-04-10;2011-04-01;Air Cartridge;pCi/m3;0.0;0.0;0;0.0;0;0;0;0.0;0.0;0.0;0;
CNMI;Saipan;2011-04-10;2011-04-02;Air Cartridge;pCi/m3;0.0;0.0;0;0.0;0;0;0;0.0;0.0;0.0;0;
CA;San Bernardino;2011-03-30;2011-03-20;Air Cartridge;pCi/m3;0.0;0.0;0;;0;1;0;0.0;;;0;
CA;San Bernardino;2011-03-30;2011-03-22;Air Cartridge;pCi/m3;0.0;0.0;0;;0;1;0;0.0;;;0;
ID;Boise;2011-04-04;2011-03-23;Air Filter;pCi/m3;0.0;0.0;0;0.0;0;0;0;0.0;0.0;0.0;0;
AK;Dutch Harbor;2011-03-30;2011-03-19;Air Filter;pCi/m3;0.0;0.0;0;;0;1;0;0.0;;;0;
AK;Dutch Harbor;2011-03-30;2011-03-20;Air Filter;pCi/m3;0.0;0.0;0;;0;0;0;0.0;;;0;
AK;Dutch Harbor;2011-03-30;2011-03-22;Air Filter;pCi/m3;0.0;0.0;0;;0;0;0;0.0;;;0;
AK;Dutch Harbor;2011-03-30;2011-03-22;Air Filter;pCi/m3;0.0;0.0;0;;0;0;0;0.0;;;0;
AK;Dutch Harbor;2011-04-04;2011-03-23;Air Filter;pCi/m3;0.0;0.0;0;0.0;0;0;0;0.0;0.0;0.0;0;
AK;Dutch Harbor;2011-04-04;2011-03-23;Air Filter;pCi/m3;0.0;0.0;0;0.0;0;0;0;0.0;0.0;0.0;0;
Guam;Guam;2011-03-30;2011-03-21;Air Filter;pCi/m3;0.0;0.0;0;;0;0;0;0.0;;;0;
Guam;Guam;2011-03-30;2011-03-23;Air Filter;pCi/m3;0.0;0.0;0;;0;0;0;0.0;;;0;
Guam;Guam;2011-03-30;2011-03-23;Air Filter;pCi/m3;0.0;0.0;0;;0;0;0;0.0;;;0;
HI;Honolulu;2011-03-30;2011-03-21;Air Filter;pCi/m3;0.0;0.0;0;;0;0;0;0.0;;;0;
FL;Jacksonville;2011-04-04;2011-03-24;Air Filter;pCi/m3;0.0;0.0;0;0.0;0;0;0;0.0;0.0;0.0;0;
AK;Juneau;2011-03-30;2011-03-22;Air Filter;pCi/m3;0.0;0.0;0;;0;0;0;0.0;;;0;
AK;Juneau;2011-03-30;2011-03-22;Air Filter;pCi/m3;0.0;0.0;0;;0;0;0;0.0;;;0;
AK;Juneau;2011-03-30;2011-03-23;Air Filter;pCi/m3;0.0;0.0;0;;0;0;0;0.0;;;0;
AK;Juneau;2011-04-04;2011-03-24;Air Filter;pCi/m3;0.0;0.0;0;0.0;0;0;0;0.0;0.0;0.0;0;
HI;Kauai;2011-04-04;2011-03-21;Air Filter;pCi/m3;0.0;0.0;0;0.0;0;1;0;0.0;0.0;0.0;0;
HI;Kauai;2011-04-04;2011-03-21;Air Filter;pCi/m3;0.0;0.0;0;0.0;0;0;0;0.0;0.0;0.0;0;
HI;Kauai;2011-04-04;2011-03-22;Air Filter;pCi/m3;0.0;0.0;0;0.0;0;0;0;0.0;0.0;0.0;0;
HI;Kauai;2011-04-04;2011-03-22;Air Filter;pCi/m3;0.0;0.0;0;0.0;0;0;0;0.0;0.0;0.0;0;
CNMI;Saipan;2011-03-30;2011-03-21;Air Filter;pCi/m3;0.0;0.0;0;;0;0;0;0.0;;;0;
NV;Las Vegas;2011-04-04;2011-03-18;Air Filter;pCi/m3;0.0;0.0;0;0.0;0;0;0;0.0;0.0;0.0;0;
NV;Las Vegas;2011-04-04;2011-03-21;Air Filter;pCi/m3;0.0;0.0;0;0.0;0;0;0;0.0;0.0;0.0;0;
NV;Las Vegas;2011-04-04;2011-03-21;Air Filter;pCi/m3;0.0;0.0;0;0.0;0;0;0;0.0;0.0;0.0;0;
NV;Las Vegas;2011-04-04;2011-03-22;Air Filter;pCi/m3;0.0;0.0;0;0.0;0;0;0;0.0;0.0;0.0;0;
NV;Las Vegas;2011-04-04;2011-03-23;Air Filter;pCi/m3;0.0;0.0;0;0.0;0;0;0;0.0;0.0;0.0;0;
NV;Las Vegas;2011-04-04;2011-03-24;Air Filter;pCi/m3;0.0;0.0;0;0.0;0;0;0;0.0;0.0;0.0;0;
AL;Montgomery;2011-04-04;2011-03-24;Air Filter;pCi/m3;0.0;0.0;0;0.0;0;0;0;0.0;0.0;0.0;0;
AL;Montgomery;2011-04-04;2011-03-24;Air Filter;pCi/m3;0.0;0.0;0;0.0;0;0;0;0.0;0.0;0.0;0;
AK;Nome;2011-03-30;2011-03-21;Air Filter;pCi/m3;0.0;0.0;0;;0;0;0;0.0;;;0;
AK;Nome;2011-03-30;2011-03-22;Air Filter;pCi/m3;0.0;0.0;0;;0;0;0;0.0;;;0;
HI;Oahu;2011-04-04;2011-03-23;Air Filter;pCi/m3;0.0;0.0;0;0.0;0;0;0;0.0;0.0;0.0;0;
HI;Oahu;2011-04-04;2011-03-23;Air Filter;pCi/m3;0.0;0.0;0;0.0;0;0;0;0.0;0.0;0.0;0;
FL;Orlando;2011-04-04;2011-03-24;Air Filter;pCi/m3;0.0;0.0;0;0.0;0;0;0;0.0;0.0;0.0;0;
AZ;Phoenix;2011-04-04;2011-03-22;Air Filter;pCi/m3;0.0;0.0;0;0.0;0;0;0;0.0;0.0;0.0;0;
CA;Riverside;2011-03-30;2011-03-15;Air Filter;pCi/m3;0.0;0.0;0;;0;0;0;0.0;;;0;
CA;Riverside;2011-03-30;2011-03-18;Air Filter;pCi/m3;0.0;0.0;0;;0;0;0;0.0;;;0;
CNMI;Saipan;2011-03-30;2011-03-21;Air Filter;pCi/m3;0.0;0.0;0;;0;0;0;0.0;;;0;
CNMI;Saipan;2011-04-04;2011-03-22;Air Filter;pCi/m3;0.0;0.0;0;0.0;0;0;0;0.0;0.0;0.0;0;
CNMI;Saipan;2011-04-04;2011-03-22;Air Filter;pCi/m3;0.0;0.0;0;0.0;0;0;0;0.0;0.0;0.0;0;
UT;Salt Lake City;2011-04-04;2011-03-21;Air Filter;pCi/m3;0.0;0.0;0;0.0;0;0;0;0.0;0.0;0.0;0;
UT;Salt Lake City;2011-04-04;2011-03-24;Air Filter;pCi/m3;0.0;0.0;0;0.0;0;0;0;0.0;0.0;0.0;0;
CA;San Bernardino;2011-03-30;2011-03-20;Air Filter;pCi/m3;0.0;0.0;0;;0;0;0;0.0;;;0;
CA;San Bernardino;2011-03-30;2011-03-20;Air Filter;pCi/m3;0.0;0.0;0;;0;0;0;0.0;;;0;
CA;San Bernardino;2011-03-30;2011-03-22;Air Filter;pCi/m3;0.0;0.0;0;;0;0;0;0.0;;;0;
CA;San Bernardino;2011-03-30;2011-03-22;Air Filter;pCi/m3;0.0;0.0;0;;0;0;0;0.0;;;0;
CA;San Bernardino;2011-03-30;2011-03-23;Air Filter;pCi/m3;0.0;0.0;0;;0;0;0;0.0;;;0;
CA;San Bernardino;2011-03-30;2011-03-23;Air Filter;pCi/m3;0.0;0.0;0;;0;0;0;0.0;;;0;
CA;San Francisco;2011-03-30;2011-03-18;Air Filter;pCi/m3;0.0;0.0;0;;0;0;0;0.0;;;0;
WA;Seattle;2011-03-30;2011-03-18;Air Filter;pCi/m3;0.0;0.0;0;;0;0;0;0.0;;;0;
FL;Tampa;2011-04-04;2011-03-24;Air Filter;pCi/m3;0.0;0.0;0;0.0;0;0;0;0.0;0.0;0.0;0;
NY;Albany;2011-04-08;2011-03-29;Drinking Water;pCi/l;0.0;0.0;0;0.0;0;0;0;0.0;0.0;0.0;0;
NY;Albany;2011-04-21;2011-04-13;Drinking Water;pCi/l;0.0;0.0;0;0.0;0;0;0;0.0;0.0;0.0;0;
VA;Ashland;2011-04-08;2011-03-29;Drinking Water;pCi/l;0.0;0.0;0;0.0;0;0;0;0.0;0.0;0.0;0;
VA;Ashland;2011-04-22;2011-04-15;Drinking Water;pCi/l;0.0;0.0;0;0.0;0;0;0;0.0;0.0;0.0;0;
TN;Oak Ridge/Y-12;2011-04-04;2011-03-17;Precipitation;pCi/l;0.0;0.0;0;;0;0;0;0.0;;;0;
TX;Austin;2011-04-04;2011-03-28;Drinking Water;pCi/l;0.0;0.0;0;0.0;0;0;0;0.0;0.0;0.0;0;
TX;Austin;2011-06-01;2011-04-12;Drinking Water;pCi/l;0.0;0.0;0;0.0;0;0;0;0.0;0.0;0.0;0;
MD;Baltimore;2011-04-08;2011-03-28;Drinking Water;pCi/l;0.0;0.0;0;0.0;0;0;0;0.0;0.0;0.0;0;
MD;Baltimore;2011-06-01;2011-04-13;Drinking Water;pCi/l;0.0;0.0;0;0.0;0;0;0;0.0;0.0;0.0;0;
SC;Barnwell;2011-04-08;2011-03-31;Drinking Water;pCi/l;0.0;0.0;0;0.0;0;0;0;0.0;0.0;0.0;0;
SC;Barnwell;2011-04-22;2011-04-14;Drinking Water;pCi/l;0.0;0.0;0;0.0;0;0;0;0.0;0.0;0.0;0;
GA;Baxley;2011-04-08;2011-03-29;Drinking Water;pCi/l;0.0;0.0;0;0.0;0;0;0;0.0;0.0;0.0;0;
GA;Baxley;2011-04-22;2011-04-14;Drinking Water;pCi/l;0.0;0.0;0;0.0;0;0;0;0.0;0.0;0.0;0;
ND;Bismarck;2011-04-04;2011-03-28;Drinking Water;pCi/l;0.0;0.0;0;0.0;0;0;0;0.0;0.0;0.0;0;
ND;Bismarck;2011-06-01;2011-04-13;Drinking Water;pCi/l;0.0;0.0;0;0.0;0;0;0;0.0;0.0;0.0;0;
ID;Boise;2011-04-04;2011-03-28;Drinking Water;pCi/l;0.0;0.0;0;0.0;0;0;0;0.0;0.0;0.0;0;
ID;Boise;2011-04-22;2011-04-14;Drinking Water;pCi/l;0.0;0.0;0;0.0;0;0;0;0.0;0.0;0.0;0;
IA;Cedar Rapids;2011-04-08;2011-03-30;Drinking Water;pCi/l;0.0;0.0;0;0.0;0;0;0;0.0;0.0;0.0;0;
IA;Cedar Rapids;2011-06-01;2011-04-13;Drinking Water;pCi/l;0.0;0.0;0;0.0;0;0;0;0.0;0.0;0.0;0;
NC;Charlotte;2011-04-08;2011-03-28;Drinking Water;pCi/l;0.0;0.0;0;0.0;0;0;0;0.0;0.0;0.0;0;
NC;Charlotte;2011-04-22;2011-04-13;Drinking Water;pCi/l;0.0;0.0;0;0.0;0;0;0;0.0;0.0;0.0;0;
TN;Chattanooga;2011-04-08;2011-03-28;Drinking Water;pCi/l;0.0;0.0;0;0.0;0;2;0;0.0;0.0;0.0;0;
TN;Chattanooga;2011-06-01;2011-04-15;Drinking Water;pCi/l;0.0;0.0;0;0.0;0;0;0;0.0;0.0;0.0;0;
OH;Cincinnati;2011-04-08;2011-03-28;Drinking Water;pCi/l;0.0;0.0;0;0.0;0;0;0;0.0;0.0;0.0;0;
OH;Cincinnati;2011-04-21;2011-04-13;Drinking Water;pCi/l;0.0;0.0;0;0.0;0;0;0;0.0;0.0;0.0;0;
PA;Columbia;2011-04-08;2011-03-29;Drinking Water;pCi/l;0.0;0.0;0;0.0;0;0;0;0.0;0.0;0.0;0;
SC;Columbia;2011-04-08;2011-03-30;Drinking Water;pCi/l;0.0;0.0;0;0.0;0;0;0;0.0;0.0;0.0;0;
PA;Columbia;2011-04-22;2011-04-13;Drinking Water;pCi/l;0.0;0.0;0;0.0;0;0;0;0.0;0.0;0.0;0;
SC;Columbia;2011-06-01;2011-04-14;Drinking Water;pCi/l;0.0;0.0;0;0.0;0;0;0;0.0;0.0;0.0;0;
OH;Columbus;2011-04-08;2011-03-29;Drinking Water;pCi/l;0.0;0.0;0;0.0;0;0;0;0.0;0.0;0.0;0;
OH;Columbus;2011-04-21;2011-04-13;Drinking Water;pCi/l;0.0;0.0;0;0.0;0;0;0;0.0;0.0;0.0;0;
NH;Concord;2011-04-15;2011-04-07;Drinking Water;pCi/l;0.0;0.0;0;0.0;0;0;0;0.0;0.0;0.0;0;
NH;Concord;2011-04-20;2011-04-12;Drinking Water;pCi/l;0.0;0.0;0;0.0;0;0;0;0.0;0.0;0.0;0;
NH;Concord;2011-06-01;2011-04-18;Drinking Water;pCi/l;0.0;0.0;0;0.0;0;0;0;0.0;0.0;0.0;0;
NH;Concord;2011-06-01;2011-04-25;Drinking Water;pCi/l;0.0;0.0;0;0.0;0;0;0;0.0;0.0;0.0;0;
NH;Concord;2011-04-15;2011-04-07;Drinking Water;pCi/l;0.0;0.0;0;0.0;0;0;0;0.0;0.0;0.0;0;
MD;Conowingo;2011-04-08;2011-03-29;Drinking Water;pCi/l;0.0;0.0;0;0.0;0;0;0;0.0;0.0;0.0;0;
MD;Conowingo;2011-06-01;2011-04-19;Drinking Water;pCi/l;0.0;0.0;0;0.0;0;0;0;0.0;0.0;0.0;0;
CO;Denver;2011-04-08;2011-03-30;Drinking Water;pCi/l;0.0;0.0;0;0.0;0;0;0;0.0;0.0;0.0;0;
CO;Denver;2011-04-22;2011-04-13;Drinking Water;pCi/l;0.0;0.0;0;0.0;0;0;0;0.0;0.0;0.0;0;
MI;Detroit;2011-04-08;2011-03-31;Drinking Water;pCi/l;0.0;0.0;0;0.0;0;0;0;0.0;0.0;0.0;0;
MI;Detroit;2011-06-01;2011-04-27;Drinking Water;pCi/l;0.0;0.0;0;0.0;0;0;0;0.0;0.0;0.0;0;
AL;Dothan;2011-04-10;2011-04-04;Drinking Water;pCi/l;0.0;0.0;0;0.0;0;0;0;0.0;0.0;0.0;0;
AL;Dothan;2011-06-01;2011-04-29;Drinking Water;pCi/l;0.0;0.0;0;0.0;0;0;0;0.0;0.0;0.0;0;
DE;Dover;2011-04-08;2011-03-28;Drinking Water;pCi/l;0.0;0.0;0;0.0;0;0;0;0.0;0.0;0.0;0;
DE;Dover;2011-06-01;2011-04-13;Drinking Water;pCi/l;0.0;0.0;0;0.0;4;0;0;0.0;0.0;0.0;0;
OH;East Liverpool;2011-04-08;2011-03-30;Drinking Water;pCi/l;0.0;0.0;0;0.0;0;0;0;0.0;0.0;0.0;0;
OH;East Liverpool;2011-06-01;2011-04-14;Drinking Water;pCi/l;0.0;0.0;0;0.0;0;0;0;0.0;0.0;0.0;0;
AK;Fairbanks;2011-04-04;2011-03-28;Drinking Water;pCi/l;0.0;0.0;0;0.0;0;0;0;0.0;0.0;0.0;0;
AK;Fairbanks;2011-04-22;2011-04-13;Drinking Water;pCi/l;0.0;0.0;0;0.0;0;0;0;0.0;0.0;0.0;0;
MI;Grand Rapids;2011-04-08;2011-03-29;Drinking Water;pCi/l;0.0;0.0;0;0.0;0;0;0;0.0;0.0;0.0;0;
MI;Grand Rapids;2011-06-01;2011-04-21;Drinking Water;pCi/l;0.0;0.0;0;0.0;0;0;0;0.0;0.0;0.0;0;
PA;Harrisburg;2011-04-08;2011-03-29;Drinking Water;pCi/l;0.0;0.0;0;0.0;0;0;0;0.0;0.0;0.0;0;
PA;Harrisburg;2011-06-01;2011-04-14;Drinking Water;pCi/l;0.0;0.0;0;0.0;0;0;0;0.0;0.0;0.0;0;
CT;Hartford;2011-04-13;2011-04-06;Drinking Water;pCi/l;0.0;0.0;0;0.0;0;0;0;0.0;0.0;0.0;0;
CT;Hartford;2011-06-01;2011-04-14;Drinking Water;pCi/l;0.0;0.0;0;0.0;0;0;0;0.0;0.0;0.0;0;
MT;Helena;2011-04-08;2011-03-28;Drinking Water;pCi/l;0.0;0.0;0;0.0;0;0;0;0.0;0.0;0.0;0;
MT;Helena;2011-04-21;2011-04-13;Drinking Water;pCi/l;0.0;0.0;0;0.0;0;0;0;0.0;0.0;0.0;0;
HI;Honolulu;2011-04-08;2011-03-28;Drinking Water;pCi/l;0.0;0.0;0;0.0;0;0;0;0.0;0.0;0.0;0;
HI;Honolulu;2011-06-01;2011-04-19;Drinking Water;pCi/l;0.0;0.0;0;0.0;0;0;0;0.0;0.0;0.0;0;
ID;Idaho Falls;2011-04-04;2011-03-28;Drinking Water;pCi/l;0.0;0.0;0;0.0;0;0;0;0.0;0.0;0.0;0;
ID;Idaho Falls;2011-06-01;2011-04-15;Drinking Water;pCi/l;0.0;0.0;0;0.0;0;0;0;0.0;0.0;0.0;0;
MS;Jackson;2011-04-08;2011-03-29;Drinking Water;pCi/l;0.0;0.0;0;0.0;0;0;0;0.0;0.0;0.0;0;
MS;Jackson;2011-06-01;2011-04-13;Drinking Water;pCi/l;0.0;0.0;0;0.0;0;0;0;0.0;0.0;0.0;0;
MO;Jefferson City;2011-04-08;2011-03-28;Drinking Water;pCi/l;0.0;0.0;0;0.0;0;0;0;0.0;0.0;0.0;0;
MO;Jefferson City;2011-04-21;2011-04-12;Drinking Water;pCi/l;0.0;0.0;0;0.0;0;0;0;0.0;0.0;0.0;0;
SC;Jenkinsville;2011-04-08;2011-03-30;Drinking Water;pCi/l;0.0;0.0;0;0.0;0;0;0;0.0;0.0;0.0;0;
SC;Jenkinsville;2011-04-22;2011-04-13;Drinking Water;pCi/l;0.0;0.0;0;0.0;0;0;0;0.0;0.0;0.0;0;
TN;Knoxville;2011-04-13;2011-04-05;Drinking Water;pCi/l;0.0;0.0;0;0.0;0;0;0;0.0;0.0;0.0;0;
TN;Knoxville;2011-06-01;2011-04-13;Drinking Water;pCi/l;0.0;0.0;0;0.0;0;0;0;0.0;0.0;0.0;0;
NV;Las Vegas;2011-04-08;2011-03-30;Drinking Water;pCi/l;0.0;0.0;0;0.0;0;0;0;0.0;0.0;0.0;0;
NV;Las Vegas;2011-06-01;2011-04-15;Drinking Water;pCi/l;0.0;0.0;0;0.0;0;0;0;0.0;0.0;0.0;0;
NE;Lincoln;2011-04-08;2011-03-29;Drinking Water;pCi/l;0.0;0.0;0;0.0;0;0;0;0.0;0.0;0.0;0;
NE;Lincoln;2011-04-21;2011-04-13;Drinking Water;pCi/l;0.0;0.0;0;0.0;0;0;0;0.0;0.0;0.0;0;
AR;Little Rock;2011-04-08;2011-03-29;Drinking Water;pCi/l;0.0;0.0;0;0.0;0;0;0;0.0;0.0;0.0;0;
AR;Little Rock;2011-04-22;2011-04-13;Drinking Water;pCi/l;0.0;0.0;0;0.0;0;0;0;0.0;0.0;0.0;0;
CA;Los Angeles;2011-04-10;2011-04-04;Drinking Water;pCi/l;0.0;0.0;0;0.0;0;0;0;0.0;0.0;0.0;0;
CA;Los Angeles;2011-06-01;2011-04-12;Drinking Water;pCi/l;0.0;0.0;0;0.0;0;0;0;0.0;0.0;0.0;0;
VA;Lynchburg;2011-04-04;2011-03-28;Drinking Water;pCi/l;0.0;0.0;0;0.0;0;0;0;0.0;0.0;0.0;0;
VA;Lynchburg;2011-04-04;2011-03-28;Drinking Water;pCi/l;0.0;0.0;0;0.0;0;0;0;0.0;0.0;0.0;0;
VA;Lynchburg;2011-04-20;2011-04-11;Drinking Water;pCi/l;0.0;0.0;0;0.0;0;0;0;0.0;0.0;0.0;0;
WI;Madison;2011-04-08;2011-03-29;Drinking Water;pCi/l;0.0;0.0;0;0.0;0;0;0;0.0;0.0;0.0;0;
WI;Madison;2011-04-21;2011-04-13;Drinking Water;pCi/l;0.0;0.0;0;0.0;0;0;0;0.0;0.0;0.0;0;
FL;Miami;2011-04-08;2011-03-29;Drinking Water;pCi/l;0.0;0.0;0;0.0;0;0;0;0.0;0.0;0.0;0;
AL;Montgomery;2011-05-03;2011-04-01;Drinking Water;pCi/l;0.0;0.0;0;0.0;0;0;0;0.0;0.0;0.0;0;
AL;Montgomery;2011-06-01;2011-04-15;Drinking Water;pCi/l;0.0;0.0;0;0.0;0;0;0;0.0;0.0;0.0;0;
IL;Morris;2011-04-09;2011-03-29;Drinking Water;pCi/l;0.0;0.0;0;0.0;0;0;0;0.0;0.0;0.0;0;
IL;Morris;2011-06-01;2011-04-19;Drinking Water;pCi/l;0.0;0.0;0;0.0;0;0;0;0.0;0.0;0.0;0;
AL;Muscle Shoals;2011-04-08;2011-03-31;Drinking Water;pCi/l;0.0;0.0;0;0.0;0;0;0;0.0;0.0;0.0;0;
AL;Muscle Shoals;2011-06-01;2011-04-27;Drinking Water;pCi/l;0.0;0.0;0;0.0;0;0;0;0.0;0.0;0.0;0;
LA;New Orleans;2011-04-04;2011-03-28;Drinking Water;pCi/l;0.0;0.0;0;0.0;0;0;0;0.0;0.0;0.0;0;
LA;New Orleans;2011-06-01;2011-04-13;Drinking Water;pCi/l;0.0;0.0;0;0.0;0;0;0;0.0;0.0;0.0;0;
NY;New York;2011-04-08;2011-03-29;Drinking Water;pCi/l;0.0;0.0;0;0.0;0;0;0;0.0;0.0;0.0;0;
NY;New York;2011-06-01;2011-04-13;Drinking Water;pCi/l;0.0;0.0;0;0.0;0;0;0;0.0;0.0;0.0;0;
NY;Niagara Falls;2011-04-08;2011-03-31;Drinking Water;pCi/l;0.0;0.0;0;0.0;0;0;0;0.0;0.0;0.0;0;
NY;Niagara Falls;2011-04-21;2011-04-13;Drinking Water;pCi/l;0.0;0.0;0;0.0;0;0;0;0.0;0.0;0.0;0;
TN;Oak Ridge/360;2011-04-08;2011-03-29;Drinking Water;pCi/l;0.0;0.0;0;0.0;0;0;0;0.0;0.0;0.0;0;
TN;Oak Ridge/360;2011-04-22;2011-04-14;Drinking Water;pCi/l;0.0;0.0;0;0.0;0;0;0;0.0;0.0;0.0;0;
TN;Oak Ridge/371;2011-04-08;2011-03-29;Drinking Water;pCi/l;0.0;0.0;0;0.0;0;1;0;0.0;0.0;0.0;0;
TN;Oak Ridge/371;2011-04-22;2011-04-14;Drinking Water;pCi/l;0.0;0.0;0;0.0;0;0;0;0.0;0.0;0.0;0;
TN;Oak Ridge/4442;2011-04-08;2011-03-29;Drinking Water;pCi/l;0.0;0.0;0;0.0;0;0;0;0.0;0.0;0.0;0;
TN;Oak Ridge/4442;2011-04-22;2011-04-14;Drinking Water;pCi/l;0.0;0.0;0;0.0;0;0;0;0.0;0.0;0.0;0;
TN;Oak Ridge/768;2011-04-08;2011-03-29;Drinking Water;pCi/l;0.0;0.0;0;0.0;0;0;0;0.0;0.0;0.0;0;
TN;Oak Ridge/768;2011-04-22;2011-04-14;Drinking Water;pCi/l;0.0;0.0;0;0.0;0;0;0;0.0;0.0;0.0;0;
TN;Oak Ridge/772;2011-04-08;2011-03-29;Drinking Water;pCi/l;0.0;0.0;0;0.0;0;0;0;0.0;0.0;0.0;0;
TN;Oak Ridge/772;2011-06-01;2011-04-14;Drinking Water;pCi/l;0.0;0.0;0;0.0;0;0;0;0.0;0.0;0.0;0;
OK;Oklahoma City;2011-04-08;2011-03-28;Drinking Water;pCi/l;0.0;0.0;0;0.0;0;0;0;0.0;0.0;0.0;0;
OK;Oklahoma City;2011-06-01;2011-04-13;Drinking Water;pCi/l;0.0;0.0;0;0.0;0;0;0;0.0;0.0;0.0;0;
OH;Painesville;2011-04-08;2011-03-29;Drinking Water;pCi/l;0.0;0.0;0;0.0;0;0;0;0.0;0.0;0.0;0;
OH;Painesville;2011-06-01;2011-04-13;Drinking Water;pCi/l;0.0;0.0;0;0.0;0;0;0;0.0;0.0;0.0;0;
PA;Philadelphia/Baxter;2011-04-09;2011-04-04;Drinking Water;pCi/l;0.0;0.0;0;0.0;0;0;0;0.0;0.0;0.0;0;
PA;Philadelphia/Baxter;2011-04-22;2011-04-14;Drinking Water;pCi/l;0.0;0.0;0;0.0;0;0;0;0.0;0.0;0.0;0;
PA;Philadelphia/Belmont;2011-04-09;2011-04-04;Drinking Water;pCi/l;0.0;0.0;0;0.0;0;1;0;0.0;0.0;0.0;0;
PA;Philadelphia/Belmont;2011-04-22;2011-04-14;Drinking Water;pCi/l;0.0;0.0;0;0.0;0;2;0;0.0;0.0;0.0;0;
PA;Philadelphia/Queen;2011-04-09;2011-04-04;Drinking Water;pCi/l;0.0;0.0;0;0.0;0;2;0;0.0;0.0;0.0;0;
PA;Philadelphia/Queen;2011-04-22;2011-04-14;Drinking Water;pCi/l;0.0;0.0;0;0.0;0;1;0;0.0;0.0;0.0;0;
PA;Pittsburgh;2011-04-08;2011-03-28;Drinking Water;pCi/l;0.0;0.0;0;0.0;0;0;0;0.0;0.0;0.0;0;
PA;Pittsburgh;2011-04-22;2011-04-14;Drinking Water;pCi/l;0.0;0.0;0;0.0;0;0;0;0.0;0.0;0.0;0;
MS;Port Gibson;2011-04-08;2011-03-29;Drinking Water;pCi/l;0.0;0.0;0;0.0;0;0;0;0.0;0.0;0.0;0;
MS;Port Gibson;2011-06-01;2011-04-19;Drinking Water;pCi/l;0.0;0.0;0;0.0;0;0;0;0.0;0.0;0.0;0;
OR;Portland;2011-04-04;2011-03-25;Drinking Water;pCi/l;0.0;0.0;0;0.0;0;0;0;0.0;0.0;0.0;0;
OR;Portland;2011-06-01;2011-04-13;Drinking Water;pCi/l;0.0;0.0;0;0.0;0;0;0;0.0;0.0;0.0;0;
RI;Providence;2011-04-08;2011-03-30;Drinking Water;pCi/l;0.0;0.0;0;0.0;0;0;0;0.0;0.0;0.0;0;
RI;Providence;2011-06-01;2011-04-15;Drinking Water;pCi/l;0.0;0.0;0;0.0;0;0;0;0.0;0.0;0.0;0;
NC;Raleigh;2011-06-01;2011-04-13;Drinking Water;pCi/l;0.0;0.0;0;0.0;0;0;0;0.0;0.0;0.0;0;
WA;Richland;2011-04-04;2011-03-28;Drinking Water;pCi/l;0.0;0.0;0;0.0;0;0;0;0.0;0.0;0.0;0;
WA;Richland;2011-04-21;2011-04-13;Drinking Water;pCi/l;0.0;0.0;0;0.0;0;0;0;0.0;0.0;0.0;0;
CA;Richmond;2011-04-09;2011-03-29;Drinking Water;pCi/l;0.0;0.0;0;0.0;0;0;0;0.0;0.0;0.0;0;
CA;Richmond;2011-06-01;2011-04-13;Drinking Water;pCi/l;0.0;0.0;0;0.0;0;0;0;0.0;0.0;0.0;0;
NM;Santa Fe;2011-04-08;2011-03-28;Drinking Water;pCi/l;0.0;0.0;0;0.0;0;0;0;0.0;0.0;0.0;0;
NM;Santa Fe;2011-06-01;2011-04-18;Drinking Water;pCi/l;0.0;0.0;0;0.0;0;0;0;0.0;0.0;0.0;0;
GA;Savannah;2011-04-08;2011-03-28;Drinking Water;pCi/l;0.0;0.0;0;0.0;0;0;0;0.0;0.0;0.0;0;
GA;Savannah;2011-04-21;2011-04-13;Drinking Water;pCi/l;0.0;0.0;0;0.0;0;0;0;0.0;0.0;0.0;0;
AL;Scottsboro;2011-04-09;2011-03-30;Drinking Water;pCi/l;0.0;0.0;6;0.0;0;0;0;0.0;0.0;0.0;0;
AL;Scottsboro;2011-06-01;2011-04-28;Drinking Water;pCi/l;0.0;0.0;0;0.0;0;0;0;0.0;0.0;0.0;0;
WA;Seattle;2011-04-04;2011-03-28;Drinking Water;pCi/l;0.0;0.0;0;0.0;0;0;0;0.0;0.0;0.0;0;
SC;Seneca;2011-04-10;2011-04-04;Drinking Water;pCi/l;0.0;0.0;0;0.0;0;0;0;0.0;0.0;0.0;0;
SC;Seneca;2011-06-01;2011-04-18;Drinking Water;pCi/l;0.0;0.0;0;0.0;0;0;0;0.0;0.0;0.0;0;
MN;St. Paul;2011-04-08;2011-03-28;Drinking Water;pCi/l;0.0;0.0;0;0.0;0;0;0;0.0;0.0;0.0;0;
MN;St. Paul;2011-04-22;2011-04-13;Drinking Water;pCi/l;0.0;0.0;0;0.0;0;0;0;0.0;0.0;0.0;0;
NY;Syracuse;2011-04-08;2011-03-29;Drinking Water;pCi/l;0.0;0.0;0;0.0;0;0;0;0.0;0.0;0.0;0;
NY;Syracuse;2011-06-01;2011-04-13;Drinking Water;pCi/l;0.0;0.0;0;0.0;0;0;0;0.0;0.0;0.0;0;
FL;Tampa;2011-04-08;2011-03-29;Drinking Water;pCi/l;0.0;0.0;0;0.0;0;0;0;0.0;0.0;0.0;0;
FL;Tampa;2011-06-01;2011-04-18;Drinking Water;pCi/l;0.0;0.0;0;0.0;0;0;0;0.0;0.0;0.0;0;
OH;Toledo;2011-04-08;2011-03-30;Drinking Water;pCi/l;0.0;0.0;0;0.0;0;0;0;0.0;0.0;0.0;0;
KS;Topeka;2011-04-08;2011-03-31;Drinking Water;pCi/l;0.0;0.0;0;0.0;0;0;0;0.0;0.0;0.0;0;
KS;Topeka;2011-04-22;2011-04-14;Drinking Water;pCi/l;0.0;0.0;0;0.0;0;0;0;0.0;0.0;0.0;0;
NJ;Trenton;2011-04-08;2011-03-29;Drinking Water;pCi/l;0.0;0.0;0;0.0;0;0;0;0.0;0.0;0.0;0;
IL;W. Chicago;2011-04-15;2011-04-05;Drinking Water;pCi/l;0.0;0.0;0;0.0;0;0;0;0.0;0.0;0.0;0;
NJ;Waretown;2011-04-08;2011-03-28;Drinking Water;pCi/l;0.0;0.0;0;0.0;0;0;0;0.0;0.0;0.0;0;
NJ;Waretown;2011-06-01;2011-04-19;Drinking Water;pCi/l;0.0;0.0;0;0.0;0;0;0;0.0;0.0;0.0;0;
MN;Welch;2011-04-08;2011-03-29;Drinking Water;pCi/l;0.0;0.0;0;0.0;0;0;0;0.0;0.0;0.0;0;
MN;Welch;2011-06-01;2011-04-14;Drinking Water;pCi/l;0.0;0.0;0;0.0;0;0;0;0.0;0.0;0.0;0;
IL;West Chicago;2011-06-01;2011-04-27;Drinking Water;pCi/l;0.0;0.0;0;0.0;0;0;0;0.0;0.0;0.0;0;
NM;Albuquerque;2011-04-06;2011-03-29;Milk;pCi/l;0.0;0.0;0;0.0;0;0;0;0.0;0.0;0.0;0;
NM;Albuquerque;2011-04-16;2011-04-12;Milk;pCi/l;0.0;0.0;0;0.0;0;0;0;0.0;0.0;0.0;0;
TN;Athens;2011-04-09;2011-03-31;Milk;pCi/l;0.0;0.0;0;0.0;0;0;0;0.0;0.0;0.0;0;
TN;Athens;2011-04-20;2011-04-14;Milk;pCi/l;0.0;0.0;0;0.0;0;0;0;0.0;0.0;0.0;0;
MD;Baltimore;2011-04-08;2011-03-30;Milk;pCi/l;0.0;0.0;0;0.0;0;0;0;0.0;0.0;0.0;0;
MD;Baltimore;2011-04-22;2011-04-15;Milk;pCi/l;0.0;0.0;0;0.0;0;0;0;0.0;0.0;0.0;0;
NY;Buffalo;2011-04-09;2011-04-01;Milk;pCi/l;0.0;0.0;0;0.0;0;0;0;0.0;0.0;0.0;0;
NY;Buffalo;2011-04-20;2011-04-13;Milk;pCi/l;0.0;0.0;0;0.0;0;0;0;0.0;0.0;0.0;0;
WV;Charleston;2011-04-08;2011-03-30;Milk;pCi/l;0.0;0.0;0;0.0;0;0;0;0.0;0.0;0.0;0;
WV;Charleston;2011-04-20;2011-04-13;Milk;pCi/l;0.0;0.0;0;0.0;0;0;0;0.0;0.0;0.0;0;
OH;Cincinnati;2011-04-09;2011-03-28;Milk;pCi/l;0.0;0.0;0;0.0;0;0;0;0.0;0.0;0.0;0;
OH;Cincinnati;2011-04-09;2011-03-31;Milk;pCi/l;0.0;0.0;0;0.0;0;0;0;0.0;0.0;0.0;0;
OH;Cincinnati;2011-04-20;2011-04-13;Milk;pCi/l;0.0;0.0;0;0.0;0;0;0;0.0;0.0;0.0;0;
OH;Cleveland;2011-04-09;2011-03-28;Milk;pCi/l;0.0;0.0;0;0.0;0;0;0;0.0;0.0;0.0;0;
OH;Cleveland;2011-04-09;2011-03-31;Milk;pCi/l;0.0;0.0;0;0.0;0;0;0;0.0;0.0;0.0;0;
OH;Cleveland;2011-04-20;2011-04-14;Milk;pCi/l;0.0;0.0;0;0.0;0;0;0;0.0;0.0;0.0;0;
TX;Dallas;2011-04-09;2011-03-30;Milk;pCi/l;0.0;0.0;0;0.0;0;0;0;0.0;0.0;0.0;0;
TX;Dallas;2011-04-16;2011-04-12;Milk;pCi/l;0.0;0.0;0;0.0;0;0;0;0.0;0.0;0.0;0;
IA;Des Moines;2011-04-02;2011-03-21;Milk;pCi/l;0.0;0.0;0;0.0;0;0;0;0.0;0.0;0.0;0;
IA;Des Moines;2011-04-06;2011-03-29;Milk;pCi/l;0.0;0.0;0;0.0;0;0;0;0.0;0.0;0.0;0;
MI;Detroit;2011-04-06;2011-03-28;Milk;pCi/l;0.0;0.0;0;0.0;0;0;0;0.0;0.0;0.0;0;
DE;Dover;2011-04-09;2011-04-01;Milk;pCi/l;0.0;0.0;0;0.0;0;0;0;0.0;0.0;0.0;0;
MI;E. Lansing;2011-04-20;2011-04-12;Milk;pCi/l;0.0;0.0;0;0.0;0;0;0;0.0;0.0;0.0;0;
CT;Hartford;2011-04-25;2011-04-12;Milk;pCi/l;0.0;0.0;0;0.0;0;0;0;0.0;0.0;0.0;0;
CT;Hartford;2011-04-26;2011-04-20;Milk;pCi/l;0.0;0.0;0;0.0;0;0;0;0.0;0.0;0.0;0;
HI;Hilo;2011-04-10;2011-04-04;Milk;pCi/l;0.0;0.0;24;0.0;19;18;0;0.0;0.0;0.0;0;
HI;Hilo;2011-04-20;2011-04-13;Milk;pCi/l;0.0;0.0;11;0.0;10;0;0;0.0;0.0;0.0;0;
MO;Jefferson City;2011-04-08;2011-03-30;Milk;pCi/l;0.0;0.0;0;0.0;0;0;0;0.0;0.0;0.0;0;
MO;Jefferson City;2011-04-20;2011-04-13;Milk;pCi/l;0.0;0.0;0;0.0;0;3;0;0.0;0.0;0.0;0;
TN;Knoxville;2011-04-09;2011-03-31;Milk;pCi/l;0.0;0.0;0;0.0;0;0;0;0.0;0.0;0.0;0;
TN;Knoxville;2011-04-20;2011-04-14;Milk;pCi/l;0.0;0.0;0;0.0;0;0;0;0.0;0.0;0.0;0;
NV;Las Vegas;2011-04-20;2011-04-13;Milk;pCi/l;0.0;0.0;0;0.0;0;0;0;0.0;0.0;0.0;0;
AR;Little Rock;2011-04-09;2011-03-30;Milk;pCi/l;0.0;0.0;0;0.0;0;9;0;0.0;0.0;0.0;0;
AR;Little Rock;2011-04-20;2011-04-13;Milk;pCi/l;0.0;0.0;0;0.0;0;0;0;0.0;0.0;0.0;0;
CA;Los Angeles;2011-04-06;2011-03-28;Milk;pCi/l;0.0;0.0;0;0.0;0;3;0;0.0;0.0;0.0;0;
CA;Los Angeles;2011-04-20;2011-04-13;Milk;pCi/l;0.0;0.0;0;0.0;0;4;0;0.0;0.0;0.0;0;
KY;Louisville;2011-04-08;2011-03-30;Milk;pCi/l;0.0;0.0;0;0.0;0;0;0;0.0;0.0;0.0;0;
KY;Louisville;2011-04-20;2011-04-13;Milk;pCi/l;0.0;0.0;0;0.0;0;0;0;0.0;0.0;0.0;0;
TN;Memphis;2011-04-16;2011-04-11;Milk;pCi/l;0.0;0.0;0;0.0;0;4;0;0.0;0.0;0.0;0;
VT;Montpelier;2011-04-08;2011-03-30;Milk;pCi/l;0.0;0.0;0;0.0;2;0;0;0.0;0.0;0.0;0;
CA;Oakland;2011-04-20;2011-04-13;Milk;pCi/l;0.0;0.0;3;0.0;0;4;0;0.0;0.0;0.0;0;
AZ;Phoenix;2011-04-06;2011-03-28;Milk;pCi/l;0.0;0.0;0;0.0;0;3;0;0.0;0.0;0.0;0;
AZ;Phoenix;2011-04-09;2011-03-29;Milk;pCi/l;0.0;0.0;0;0.0;0;0;0;0.0;0.0;0.0;0;
PA;Pittsburgh;2011-04-09;2011-03-31;Milk;pCi/l;0.0;0.0;0;0.0;0;0;0;0.0;0.0;0.0;0;
PA;Pittsburgh;2011-04-16;2011-04-05;Milk;pCi/l;0.0;0.0;0;0.0;0;0;0;0.0;0.0;0.0;0;
FL;Plant City;2011-04-08;2011-03-30;Milk;pCi/l;0.0;0.0;0;0.0;0;0;0;0.0;0.0;0.0;0;
FL;Plant City;2011-04-20;2011-04-13;Milk;pCi/l;0.0;0.0;0;0.0;0;0;0;0.0;0.0;0.0;0;
OR;Portland;2011-04-06;2011-03-28;Milk;pCi/l;0.0;0.0;0;0.0;0;0;0;0.0;0.0;0.0;0;
OR;Portland;2011-04-20;2011-04-13;Milk;pCi/l;0.0;0.0;0;0.0;0;0;0;0.0;0.0;0.0;0;
NV;Reno;2011-04-13;2011-03-31;Milk;pCi/l;0.0;0.0;0;0.0;0;0;0;0.0;0.0;0.0;0;
NV;Reno;2011-04-10;2011-04-04;Milk;pCi/l;0.0;0.0;0;0.0;0;0;0;0.0;0.0;0.0;0;
NV;Reno;2011-04-25;2011-04-18;Milk;pCi/l;0.0;0.0;0;0.0;0;0;0;0.0;0.0;0.0;0;
TX;San Antonio;2011-04-08;2011-03-30;Milk;pCi/l;0.0;0.0;0;0.0;0;0;0;0.0;0.0;0.0;0;
TX;San Antonio;2011-04-26;2011-04-19;Milk;pCi/l;0.0;0.0;0;0.0;0;0;0;0.0;0.0;0.0;0;
CA;San Francisco;2011-04-06;2011-03-28;Milk;pCi/l;0.0;0.0;0;0.0;0;0;0;0.0;0.0;0.0;0;
WA;Spokane;2011-04-04;2011-03-21;Milk;pCi/l;0.0;0.0;0;0.0;0;0;0;0.0;0.0;0.0;0;
WA;Spokane;2011-04-02;2011-03-25;Milk;pCi/l;0.0;0.0;0;0.0;0;1;0;0.0;0.0;0.0;0;
WA;Spokane;2011-04-16;2011-04-12;Milk;pCi/l;0.0;0.0;0;0.0;0;0;0;0.0;0.0;0.0;0;
NY;Syracuse;2011-04-08;2011-03-29;Milk;pCi/l;0.0;0.0;0;0.0;0;0;0;0.0;0.0;0.0;0;
NY;Syracuse;2011-04-20;2011-04-13;Milk;pCi/l;0.0;0.0;0;0.0;0;0;0;0.0;0.0;0.0;0;
WA;Tacoma;2011-04-04;2011-03-24;Milk;pCi/l;0.0;0.0;0;0.0;0;0;0;0.0;0.0;0.0;0;
WA;Tacoma;2011-05-03;2011-04-24;Milk;pCi/l;0.0;0.0;0;0.0;0;0;0;0.0;0.0;0.0;0;
NJ;Trenton;2011-04-09;2011-03-31;Milk;pCi/l;0.0;0.0;0;0.0;0;0;0;0.0;0.0;0.0;0;
NJ;Trenton;2011-04-22;2011-04-15;Milk;pCi/l;0.0;0.0;0;0.0;0;0;0;0.0;0.0;0.0;0;
KS;Wichita;2011-04-08;2011-03-29;Milk;pCi/l;0.0;0.0;0;0.0;0;0;0;0.0;0.0;0.0;0;
KS;Wichita;2011-04-20;2011-04-12;Milk;pCi/l;0.0;0.0;0;0.0;0;0;0;0.0;0.0;0.0;0;
DE;Wilmington;2011-04-25;2011-04-18;Milk;pCi/l;0.0;0.0;0;0.0;0;0;0;0.0;0.0;0.0;0;
NY;Albany;2011-04-04;2011-03-16;Precipitation;pCi/l;0.0;0.0;0;;0;0;0;0.0;;;0;
NY;Albany;2011-04-04;2011-03-23;Precipitation;pCi/l;0.0;0.0;0;0.0;0;30;0;0.0;0.0;0.0;0;
NY;Albany;2011-04-20;2011-04-11;Precipitation;pCi/l;0.0;0.0;0;0.0;0;4;0;0.0;0.0;0.0;0;
NY;Albany;2011-05-03;2011-04-19;Precipitation;pCi/l;0.0;0.0;0;0.0;0;0;0;0.0;0.0;0.0;0;
NY;Albany;2011-04-15;2011-04-05;Precipitation;pCi/l;0.0;0.0;0;0.0;0;22;0;0.0;0.0;0.0;0;
GA;Atlanta;2011-04-04;2011-03-17;Precipitation;pCi/l;0.0;0.0;0;;0;0;0;0.0;;;0;
GA;Atlanta;2011-04-15;2011-03-31;Precipitation;pCi/l;0.0;0.0;0;0.0;0;17;0;0.0;0.0;0.0;0;
TX;Austin;2011-04-22;2011-04-12;Precipitation;pCi/l;0.0;0.0;0;0.0;0;0;0;0.0;0.0;0.0;0;
ID;Boise;2011-04-04;2011-03-22;Precipitation;pCi/l;0.0;0.0;11;;12;242;0;0.0;;;0;
ID;Boise;2011-04-08;2011-03-27;Precipitation;pCi/l;0.0;0.0;42;0.0;36;390;0;0.0;0.0;0.0;0;
MA;Boston;2011-04-04;2011-03-18;Precipitation;pCi/l;0.0;0.0;0;;0;0;0;0.0;;;0;
MA;Boston;2011-04-08;2011-03-22;Precipitation;pCi/l;0.0;0.0;0;0.0;0;92;0;0.0;0.0;0.0;0;
MA;Boston;2011-04-13;2011-04-04;Precipitation;pCi/l;0.0;0.0;0;0.0;0;15;0;0.0;0.0;0.0;0;
MA;Boston;2011-04-13;2011-04-05;Precipitation;pCi/l;0.0;0.0;0;0.0;0;20;0;0.0;0.0;0.0;0;
MA;Boston;2011-04-15;2011-04-06;Precipitation;pCi/l;0.0;0.0;0;0.0;0;10;0;0.0;0.0;0.0;0;
MA;Boston;2011-05-03;2011-04-19;Precipitation;pCi/l;0.0;0.0;0;0.0;0;0;0;0.0;0.0;0.0;0;
MA;Boston;2011-05-03;2011-04-20;Precipitation;pCi/l;0.0;0.0;0;0.0;0;7;0;0.0;0.0;0.0;0;
NC;Charlotte;2011-04-13;2011-03-29;Precipitation;pCi/l;0.0;0.0;0;0.0;0;45;0;0.0;0.0;0.0;0;
NC;Charlotte;2011-04-13;2011-04-01;Precipitation;pCi/l;0.0;0.0;0;0.0;0;15;0;0.0;0.0;0.0;0;
NC;Charlotte;2011-04-13;2011-04-05;Precipitation;pCi/l;0.0;0.0;0;0.0;0;4;0;0.0;0.0;0.0;0;
NC;Charlotte;2011-04-22;2011-04-12;Precipitation;pCi/l;0.0;0.0;0;0.0;0;3;0;0.0;0.0;0.0;0;
NC;Charlotte;2011-05-03;2011-04-19;Precipitation;pCi/l;0.0;0.0;0;0.0;0;0;0;0.0;0.0;0.0;0;
NH;Concord;2011-04-13;2011-03-24;Precipitation;pCi/l;0.0;0.0;0;0.0;0;24;0;0.0;0.0;0.0;0;
NH;Concord;2011-04-15;2011-04-05;Precipitation;pCi/l;0.0;0.0;0;0.0;0;47;0;0.0;0.0;0.0;0;
NH;Concord;2011-05-03;2011-04-14;Precipitation;pCi/l;0.0;0.0;0;0.0;0;0;0;0.0;0.0;0.0;0;
CO;Denver;2011-04-13;2011-04-04;Precipitation;pCi/l;0.0;0.0;0;0.0;0;43;0;0.0;0.0;0.0;0;
Guam;Guam;2011-04-15;2011-03-30;Precipitation;pCi/l;0.0;0.0;0;0.0;0;0;0;0.0;0.0;0.0;0;
Guam;Guam;2011-04-15;2011-04-01;Precipitation;pCi/l;0.0;0.0;0;0.0;0;0;0;0.0;0.0;0.0;0;
Guam;Guam;2011-04-15;2011-04-02;Precipitation;pCi/l;0.0;0.0;0;0.0;0;0;0;0.0;0.0;0.0;0;
Guam;Guam;2011-05-03;2011-04-20;Precipitation;pCi/l;0.0;0.0;0;0.0;0;0;0;0.0;0.0;0.0;0;
PA;Harrisburg;2011-04-15;2011-03-31;Precipitation;pCi/l;0.0;0.0;0;0.0;0;6;0;0.0;0.0;0.0;0;
CT;Hartford;2011-04-04;2011-03-18;Precipitation;pCi/l;0.0;0.0;0;;0;0;0;0.0;;;0;
CT;Hartford;2011-04-04;2011-03-18;Precipitation;pCi/l;0.0;0.0;0;;0;0;0;0.0;;;0;
CT;Hartford;2011-04-04;2011-03-25;Precipitation;pCi/l;0.0;0.0;0;0.0;0;26;0;0.0;0.0;0.0;0;
CT;Hartford;2011-04-13;2011-04-04;Precipitation;pCi/l;0.0;0.0;0;0.0;0;19;0;0.0;0.0;0.0;0;
CT;Hartford;2011-04-15;2011-04-08;Precipitation;pCi/l;0.0;0.0;0;0.0;0;12;0;0.0;0.0;0.0;0;
HI;Honolulu;2011-04-15;2011-04-07;Precipitation;pCi/l;0.0;0.0;0;0.0;0;2;0;0.0;0.0;0.0;0;
ID;Idaho Falls;2011-04-15;2011-04-01;Precipitation;pCi/l;0.0;0.0;0;0.0;0;32;0;0.0;0.0;0.0;0;
FL;Jacksonville;2011-04-13;2011-03-31;Precipitation;pCi/l;0.0;0.0;1;0.0;0;150;0;0.0;0.0;0.0;0;
FL;Jacksonville;2011-04-13;2011-04-04;Precipitation;pCi/l;0.0;0.0;0;0.0;0;22;0;0.0;0.0;0.0;0;
FL;Jacksonville;2011-04-15;2011-04-07;Precipitation;pCi/l;0.0;0.0;0;0.0;0;0;0;0.0;0.0;0.0;0;
KS;Kansas City;2011-04-04;2011-03-21;Precipitation;pCi/l;0.0;0.0;0;0.0;0;0;0;0.0;0.0;0.0;0;
KS;Kansas City;2011-04-13;2011-03-29;Precipitation;pCi/l;0.0;0.0;0;0.0;0;200;0;0.0;0.0;0.0;0;
KS;Kansas City;2011-04-13;2011-04-04;Precipitation;pCi/l;0.0;0.0;0;0.0;0;18;0;0.0;0.0;0.0;0;
KS;Kansas City;2011-05-03;2011-04-22;Precipitation;pCi/l;0.0;0.0;0;0.0;0;0;0;0.0;0.0;0.0;0;
TN;Knoxville;2011-04-10;2011-03-28;Precipitation;pCi/l;0.0;0.0;0;0.0;0;3;0;0.0;0.0;0.0;0;
TN;Knoxville;2011-04-13;2011-04-01;Precipitation;pCi/l;0.0;0.0;0;0.0;0;26;0;0.0;0.0;0.0;0;
TN;Knoxville;2011-04-13;2011-04-05;Precipitation;pCi/l;0.0;0.0;0;0.0;0;0;0;0.0;0.0;0.0;0;
MI;Lansing;2011-04-13;2011-04-04;Precipitation;pCi/l;0.0;0.0;0;0.0;1;21;0;0.0;0.0;0.0;0;
MI;Lansing;2011-05-03;2011-04-18;Precipitation;pCi/l;0.0;0.0;0;0.0;0;0;0;0.0;0.0;0.0;0;
AR;Little Rock;2011-04-13;2011-03-28;Precipitation;pCi/l;0.0;0.0;0;0.0;0;44;0;0.0;0.0;0.0;0;
AR;Little Rock;2011-04-15;2011-04-05;Precipitation;pCi/l;0.0;0.0;0;0.0;0;6;0;0.0;0.0;0.0;0;
AR;Little Rock;2011-04-22;2011-04-11;Precipitation;pCi/l;0.0;0.0;0;0.0;0;0;0;0.0;0.0;0.0;0;
AR;Little Rock;2011-05-03;2011-04-18;Precipitation;pCi/l;0.0;0.0;0;0.0;0;0;0;0.0;0.0;0.0;0;
AR;Little Rock;2011-05-03;2011-04-21;Precipitation;pCi/l;0.0;0.0;0;0.0;0;0;0;0.0;0.0;0.0;0;
VA;Lynchburg;2011-04-13;2011-04-01;Precipitation;pCi/l;0.0;0.0;0;0.0;0;9;0;0.0;0.0;0.0;0;
AL;Montgomery;2011-04-04;2011-03-21;Precipitation;pCi/l;0.0;0.0;0;;0;0;0;0.0;;;0;
AL;Montgomery;2011-04-04;2011-03-24;Precipitation;pCi/l;0.0;0.0;0;0.0;0;17;0;0.0;0.0;0.0;0;
AL;Montgomery;2011-04-08;2011-03-30;Precipitation;pCi/l;0.0;0.0;0;0.0;0;4;0;0.0;0.0;0.0;0;
AL;Montgomery;2011-04-13;2011-04-06;Precipitation;pCi/l;0.0;0.0;0;0.0;0;0;0;0.0;0.0;0.0;0;
TN;Nashville;2011-04-13;2011-03-15;Precipitation;pCi/l;0.0;0.0;0;0.0;0;0;0;0.0;0.0;0.0;0;
TN;Nashville;2011-04-13;2011-03-28;Precipitation;pCi/l;0.0;0.0;0;0.0;0;72;0;0.0;0.0;0.0;0;
TN;Nashville;2011-04-13;2011-03-31;Precipitation;pCi/l;0.0;0.0;0;0.0;0;19;0;0.0;0.0;0.0;0;
TN;Nashville;2011-05-03;2011-04-19;Precipitation;pCi/l;0.0;0.0;0;0.0;0;0;0;0.0;0.0;0.0;0;
TN;Nashville;2011-04-20;2011-04-06;Precipitation;pCi/l;0.0;0.0;0;0.0;0;5;0;0.0;0.0;0.0;0;
TN;Oak Ridge/K-12;2011-04-04;2011-03-17;Precipitation;pCi/l;0.0;0.0;0;;0;0;0;0.0;;;0;
TN;Oak Ridge/K-12;2011-04-04;2011-03-24;Precipitation;pCi/l;0.0;0.0;0;0.0;0;18;0;0.0;0.0;0.0;0;
TN;Oak Ridge/K-25;2011-04-13;2011-03-31;Precipitation;pCi/l;0.0;0.0;0;0.0;1;19;0;0.0;0.0;0.0;0;
TN;Oak Ridge/K-25;2011-04-13;2011-04-04;Precipitation;pCi/l;0.0;0.0;0;0.0;0;40;0;0.0;0.0;0.0;0;
TN;Oak Ridge/K-25;2011-04-15;2011-04-07;Precipitation;pCi/l;0.0;0.0;0;0.0;0;0;0;0.0;0.0;0.0;0;
TN;Oak Ridge/Melton;2011-04-04;2011-03-17;Precipitation;pCi/l;0.0;0.0;0;;0;0;0;0.0;;;0;
TN;Oak Ridge/Melton;2011-04-04;2011-03-24;Precipitation;pCi/l;0.0;0.0;0;0.0;0;18;0;0.0;0.0;0.0;0;
TN;Oak Ridge/Melton;2011-04-10;2011-03-28;Precipitation;pCi/l;0.0;0.0;1;0.0;1;81;0;0.0;0.0;0.0;0;
TN;Oak Ridge/Melton;2011-04-13;2011-03-31;Precipitation;pCi/l;0.0;0.0;0;0.0;1;21;0;0.0;0.0;0.0;0;
TN;Oak Ridge/Melton;2011-04-15;2011-04-07;Precipitation;pCi/l;0.0;0.0;0;0.0;0;4;0;0.0;0.0;0.0;0;
TN;Oak Ridge/Y-12;2011-04-04;2011-03-24;Precipitation;pCi/l;0.0;0.0;0;0.0;0;13;0;0.0;0.0;0.0;0;
TN;Oak Ridge/Y-12;2011-04-10;2011-03-28;Precipitation;pCi/l;0.0;0.0;0;0.0;0;0;0;0.0;0.0;0.0;0;
TN;Oak Ridge/Y-12;2011-04-13;2011-04-04;Precipitation;pCi/l;0.0;0.0;0;0.0;2;54;0;0.0;0.0;0.0;0;
TN;Oak Ridge/Y-12;2011-04-15;2011-04-07;Precipitation;pCi/l;0.0;0.0;0;0.0;0;2;0;0.0;0.0;0.0;0;
TN;Oak Ridge/Y-12;2011-04-13;2011-03-31;Precipitation;pCi/l;0.0;0.0;1;0.0;1;20;0;0.0;0.0;0.0;0;
WA;Olympia;2011-04-04;2011-03-17;Precipitation;pCi/l;0.0;0.0;0;;0;0;0;0.0;;;0;
WA;Olympia;2011-04-04;2011-03-24;Precipitation;pCi/l;0.0;0.0;0;0.0;0;125;0;0.0;0.0;0.0;0;
WA;Olympia;2011-04-13;2011-03-29;Precipitation;pCi/l;0.0;0.0;0;0.0;0;37;0;0.0;0.0;0.0;0;
WA;Olympia;2011-04-13;2011-03-31;Precipitation;pCi/l;0.0;0.0;0;0.0;0;7;0;0.0;0.0;0.0;0;
WA;Olympia;2011-04-13;2011-04-04;Precipitation;pCi/l;0.0;0.0;0;0.0;0;12;0;0.0;0.0;0.0;0;
WA;Olympia;2011-04-15;2011-04-07;Precipitation;pCi/l;0.0;0.0;0;0.0;0;7;0;0.0;0.0;0.0;0;
WA;Olympia;2011-05-03;2011-04-18;Precipitation;pCi/l;0.0;0.0;0;0.0;0;0;0;0.0;0.0;0.0;0;
WA;Olympia;2011-05-24;2011-04-25;Precipitation;pCi/l;0.0;0.0;0;0.0;0;2;0;0.0;0.0;0.0;0;
WA;Olympia;2011-05-24;2011-04-28;Precipitation;pCi/l;0.0;0.0;0;0.0;0;0;0;0.0;0.0;0.0;0;
OH;Painesville;2011-04-04;2011-03-15;Precipitation;pCi/l;0.0;0.0;0;;0;0;0;0.0;;;0;
OH;Painesville;2011-04-04;2011-03-25;Precipitation;pCi/l;0.0;0.0;0;0.0;0;47;0;0.0;0.0;0.0;0;
OH;Painesville;2011-04-13;2011-04-05;Precipitation;pCi/l;0.0;0.0;0;0.0;0;6;0;0.0;0.0;0.0;0;
OR;Portland;2011-04-04;2011-03-25;Precipitation;pCi/l;0.0;0.0;0;0.0;0;87;0;0.0;0.0;0.0;0;
CA;Richmond;2011-04-04;2011-03-15;Precipitation;pCi/l;0.0;0.0;0;;0;0;0;0.0;;;0;
CA;Richmond;2011-04-04;2011-03-22;Precipitation;pCi/l;0.0;0.0;0;;0;138;0;0.0;;;6;
CA;Richmond;2011-04-04;2011-03-22;Precipitation;pCi/l;0.0;0.0;0;;0;138;0;0.0;;;6;
CA;Richmond;2011-04-10;2011-03-28;Precipitation;pCi/l;0.0;0.0;0;0.0;0;0;0;0.0;0.0;0.0;0;
CA;Richmond;2011-05-03;2011-04-22;Precipitation;pCi/l;0.0;0.0;5;0.0;6;0;0;0.0;0.0;0.0;0;
CNMI;Saipan;2011-04-10;2011-03-28;Precipitation;pCi/l;0.0;0.0;0;0.0;0;0;0;0.0;0.0;0.0;0;
CNMI;Saipan;2011-04-13;2011-04-03;Precipitation;pCi/l;0.0;0.0;0;0.0;0;0;0;0.0;0.0;0.0;0;
UT;Salt Lake City;2011-04-08;2011-03-17;Precipitation;pCi/l;0.0;0.0;0;0.0;0;8;0;0.0;0.0;0.0;0;
UT;Salt Lake City;2011-04-13;2011-03-28;Precipitation;pCi/l;0.0;0.0;1;0.0;0;190;0;0.0;0.0;0.0;0;
UT;Salt Lake City;2011-04-20;2011-04-04;Precipitation;pCi/l;0.0;0.0;0;0.0;0;8;0;0.0;0.0;0.0;0;
UT;Salt Lake City;2011-04-20;2011-04-07;Precipitation;pCi/l;0.0;0.0;0;0.0;0;14;0;0.0;0.0;0.0;0;
UT;Salt Lake City;2011-05-03;2011-04-21;Precipitation;pCi/l;0.0;0.0;0;0.0;0;0;0;0.0;0.0;0.0;0;
MN;St. Paul;2011-04-04;2011-03-22;Precipitation;pCi/l;0.0;0.0;0;;0;32;0;0.0;;;0;
MN;St. Paul;2011-04-10;2011-03-29;Precipitation;pCi/l;0.0;0.0;0;0.0;0;16;0;0.0;0.0;0.0;0;
MN;Welch;2011-04-04;2011-03-17;Precipitation;pCi/l;0.0;0.0;0;;0;0;0;0.0;;;0;
MN;Welch/510;2011-04-13;2011-04-04;Precipitation;pCi/l;0.0;0.0;0;0.0;0;9;0;0.0;0.0;0.0;0;
NC;Wilmington;2011-04-10;2011-03-29;Precipitation;pCi/l;0.0;0.0;0;0.0;0;19;0;0.0;0.0;0.0;0;
NC;Wilmington;2011-04-13;2011-04-06;Precipitation;pCi/l;0.0;0.0;0;0.0;0;4;0;0.0;0.0;0.0;0;
NY;Yaphank;2011-04-15;2011-04-04;Precipitation;pCi/l;0.0;0.0;0;0.0;0;15;0;0.0;0.0;0.0;0;
NY;Yaphank;2011-05-03;2011-04-15;Precipitation;pCi/l;0.0;0.0;0;0.0;0;0;0;0.0;0.0;0.0;0;
NY;Yaphank;2011-05-03;2011-04-19;Precipitation;pCi/l;0.0;0.0;0;0.0;0;0;0;0.0;0.0;0.0;0;
NY;Albany;2011-05-24;2011-04-26;Precipitation;pCi/l;0.0;0.0;0;0.0;0;0;0;0.0;0.0;0.0;0;
GA;Atlanta;2011-05-24;2011-04-28;Precipitation;pCi/l;0.0;0.0;0;0.0;0;0;0;0.0;0.0;0.0;0;
GA;Atlanta;2011-04-25;2011-04-14;Precipitation;pCi/l;0.0;0.0;0;0.0;0;0;0;0.0;0.0;0.0;0;
MA;Boston;2011-04-26;2011-04-14;Precipitation;pCi/l;0.0;0.0;0;0.0;0;0;0;0.0;0.0;0.0;0;
MA;Boston;2011-05-24;2011-04-29;Precipitation;pCi/l;0.0;0.0;0;0.0;0;0;0;0.0;0.0;0.0;0;
MA;Boston;2011-05-24;2011-04-25;Precipitation;pCi/l;0.0;0.0;0;0.0;0;0;0;0.0;0.0;0.0;0;
NC;Charlotte;2011-05-24;2011-04-29;Precipitation;pCi/l;0.0;0.0;0;0.0;0;0;0;0.0;0.0;0.0;0;
NC;Charlotte;2011-05-24;2011-04-26;Precipitation;pCi/l;0.0;0.0;0;0.0;0;0;0;0.0;0.0;0.0;0;
NH;Concord;2011-04-26;2011-04-18;Precipitation;pCi/l;0.0;0.0;0;0.0;0;0;0;0.0;0.0;0.0;0;
NH;Concord;2011-05-24;2011-04-25;Precipitation;pCi/l;0.0;0.0;0;0.0;0;0;0;0.0;0.0;0.0;0;
CO;Denver;2011-04-25;2011-04-14;Precipitation;pCi/l;0.0;0.0;0;0.0;0;7;0;0.0;0.0;0.0;0;
CO;Denver;2011-05-24;2011-04-28;Precipitation;pCi/l;0.0;0.0;0;0.0;0;0;0;0.0;0.0;0.0;0;
CO;Denver;2011-05-24;2011-04-25;Precipitation;pCi/l;0.0;0.0;0;0.0;0;0;0;0.0;0.0;0.0;0;
PA;Harrisburg;2011-05-24;2011-04-30;Precipitation;pCi/l;0.0;0.0;0;0.0;0;0;0;0.0;0.0;0.0;0;
CT;Hartford;2011-04-26;2011-04-15;Precipitation;pCi/l;0.0;0.0;0;0.0;0;0;0;0.0;0.0;0.0;0;
CT;Hartford;2011-04-26;2011-04-18;Precipitation;pCi/l;0.0;0.0;0;0.0;0;3;0;0.0;0.0;0.0;0;
HI;Honolulu;2011-05-24;2011-04-04;Precipitation;pCi/l;0.0;0.0;0;0.0;0;0;0;0.0;0.0;0.0;0;
KS;Kansas City;2011-04-25;2011-04-15;Precipitation;pCi/l;0.0;0.0;0;0.0;0;2;0;0.0;0.0;0.0;0;
TN;Knoxville;2011-04-26;2011-04-19;Precipitation;pCi/l;0.0;0.0;0;0.0;0;0;0;0.0;0.0;0.0;0;
TN;Knoxville;2011-05-24;2011-04-26;Precipitation;pCi/l;0.0;0.0;0;0.0;0;0;0;0.0;0.0;0.0;0;
TN;Knoxville;2011-05-24;2011-04-29;Precipitation;pCi/l;0.0;0.0;0;0.0;0;0;0;0.0;0.0;0.0;0;
MI;Lansing;2011-04-25;2011-04-11;Precipitation;pCi/l;0.0;0.0;0;0.0;0;4;0;0.0;0.0;0.0;0;
AR;Little Rock;2011-05-24;2011-04-28;Precipitation;pCi/l;0.0;0.0;0;0.0;0;0;0;0.0;0.0;0.0;0;
AL;Montgomery/408;2011-04-26;2011-04-18;Precipitation;pCi/l;0.0;0.0;0;0.0;0;0;0;0.0;0.0;0.0;0;
TN;Nashville;2011-04-25;2011-04-14;Precipitation;pCi/l;0.0;0.0;0;0.0;0;0;0;0.0;0.0;0.0;0;
TN;Oak Ridge/K25;2011-04-26;2011-04-18;Precipitation;pCi/l;0.0;0.0;0;0.0;0;0;0;0.0;0.0;0.0;0;
TN;Oak Ridge/K25;2011-05-24;2011-04-28;Precipitation;pCi/l;0.0;0.0;0;0.0;0;0;0;0.0;0.0;0.0;0;
TN;Oak Ridge/K-25;2011-04-25;2011-04-14;Precipitation;pCi/l;0.0;0.0;0;0.0;0;0;0;0.0;0.0;0.0;0;
TN;Oak Ridge/Melton;2011-04-25;2011-04-14;Precipitation;pCi/l;0.0;0.0;0;0.0;0;0;0;0.0;0.0;0.0;0;
TN;Oak Ridge/Melton;2011-04-26;2011-04-18;Precipitation;pCi/l;0.0;0.0;0;0.0;0;0;0;0.0;0.0;0.0;0;
TN;Oak Ridge/Melton;2011-05-24;2011-04-28;Precipitation;pCi/l;0.0;0.0;0;0.0;0;0;0;0.0;0.0;0.0;0;
TN;Oak Ridge/Y12E;2011-04-26;2011-04-18;Precipitation;pCi/l;0.0;0.0;0;0.0;0;0;0;0.0;0.0;0.0;0;
TN;Oak Ridge/Y12E;2011-05-24;2011-04-28;Precipitation;pCi/l;0.0;0.0;0;0.0;0;0;0;0.0;0.0;0.0;0;
TN;Oak Ridge/Y-12E;2011-04-25;2011-04-14;Precipitation;pCi/l;0.0;0.0;0;0.0;0;0;0;0.0;0.0;0.0;0;
WA;Olympia;2011-04-25;2011-04-14;Precipitation;pCi/l;0.0;0.0;0;0.0;0;6;0;0.0;0.0;0.0;0;
OH;Painesville;2011-05-24;2011-04-29;Precipitation;pCi/l;0.0;0.0;0;0.0;0;0;0;0.0;0.0;0.0;0;
OR;Portland;2011-05-24;2011-04-20;Precipitation;pCi/l;0.0;0.0;0;0.0;0;0;0;0.0;0.0;0.0;0;
CA;Richmond;2011-04-25;2011-04-14;Precipitation;pCi/l;0.0;0.0;9;0.0;8;6;0;0.0;0.0;0.0;0;
CA;Richmond;2011-05-24;2011-04-28;Precipitation;pCi/l;0.0;0.0;7;0.0;6;0;0;0.0;0.0;0.0;0;
UT;Salt Lake City;2011-05-24;2011-04-14;Precipitation;pCi/l;0.0;0.0;0;0.0;0;0;0;0.0;0.0;0.0;0;
UT;Salt Lake City;2011-05-24;2011-04-28;Precipitation;pCi/l;0.0;0.0;0;0.0;0;0;0;0.0;0.0;0.0;0;
NY;Yaphank;2011-05-24;2011-04-28;Precipitation;pCi/l;0.0;0.0;0;0.0;0;0;0;0.0;0.0;0.0;0;
